,Trailing_Annual_Dividend_Yield,5_Year_Average_Dividend_Yield,Return_on_Equity,Levered_Free_Cash_Flow,Total_Cash_(mrq)
0,0.3285165562644149,-0.0830009262265763,-0.2319693703998139,-0.1659577406017546,-0.3087612167865234
1,0.4684209000238712,0.0634712965262057,0.4131400190113339,-0.1480050802059724,-0.2951291506442017
2,-0.5784495343141292,-1.401250931001616,0.1784333655703874,-0.2736737029764481,-0.2818213600522232
3,1.4332784431925352,1.4207805607019877,-0.2328193168944267,-0.6545823235478282,-0.3194552486712121
4,-0.5784495343141292,,-0.2290552681325698,-0.3641972610955982,-0.3000177267800305
5,-0.1876822293308202,-0.7567731508893746,0.0038300713913491,0.0112272120000963,-0.1482002790062354
6,0.9122553698814566,1.0204231518443827,0.5244830098056166,0.2703699620609532,0.6087142593579274
7,-0.5784495343141292,,-0.2263232972570285,-0.3800400936196501,-0.317412638609125
8,-0.2648708327843134,-1.0106583369941968,0.1752157109836388,-0.0676083836509475,-0.199530328432438
9,0.3815837211386915,1.127836115196423,0.105337967033683,0.6544007844402954,-0.0330471522511564
10,1.5876556500995216,0.6884194469380767,-0.1887435201023607,0.5646374824613841,-0.1959996901121172
11,-0.5784495343141292,,-0.2226806694229735,-0.3275316841637949,-0.2725873829067688
12,-0.5784495343141292,,1.8263581976968883,0.0877211562951685,0.0432689529803935
13,0.5214880648981477,1.225484263698278,-0.2181880950943056,-0.2081074650092434,-0.2193562205388549
14,-0.5784495343141292,,-0.0880855709546397,-0.3473818627083662,-0.3086547544617876
15,-0.1828579416149769,,-0.2016748489132561,-0.47222622420154,-0.2834508854308328
16,-0.5784495343141292,,-0.0450418520488893,-0.1854715019015179,-0.319273285003934
17,0.733756724395254,0.2782972232302865,-0.1785441621670066,0.5068767490140846,-0.1601501317827058
18,-0.2648708327843134,-1.127836115196423,-0.1206870900694323,0.0018606065762099,0.0788469237467033
19,-0.5784495343141292,,-0.1453962488771057,-0.3736864129404471,-0.2633534057613143
20,-0.5784495343141292,,-0.2925584133729294,-0.3454843445595772,-0.2486876773538278
21,0.9653225347557332,1.0399527815447538,-0.0948851429115424,0.8510994983419097,0.3143133409557916
22,-0.5784495343141292,,-0.2526716385900267,-0.3909943386628852,-0.192740639354898
23,0.0631807318930324,-0.6395953726871487,-0.0997419800236158,-0.2346461803769215,-0.2956723257704049
24,-0.1587365030357603,-0.8837157439417858,-0.0582767331792892,-0.3384593904916624,-0.3323874336634211
25,0.2175579388000185,-0.5126527796347377,-0.1857079969073148,-0.268990400264505,-0.270414682401956
26,-0.5784495343141292,,-0.2060460023141221,-0.3908702311410187,-0.3227061518015383
27,-0.5784495343141292,,-0.175994322683168,-0.3777827417124935,-0.2467865644121166
28,-0.3131137099427465,,-0.2093850778286726,-0.2736737029764481,-0.2723157953436672
29,-0.5784495343141292,,0.1394572477459985,-0.3820172279145421,-0.2864383486249504
30,1.196888345116213,1.391486116151431,-0.2358548400894725,-0.7115625065431371,-0.3265518316950569
31,1.9157072147768672,1.0204231518443827,-0.1587525509353075,-0.4284373438448711,-0.312320643388533
32,0.5166637771823045,0.4052398162826977,-0.0800110792558177,-0.3454843445595772,-0.3267012048547628
33,-0.5784495343141292,,,-0.2931874642762115,-0.2486876773538278
34,-0.5157337940081661,,-0.1997321140684267,-0.233865629924931,-0.2693283321495496
35,-0.5784495343141292,,-0.2019784012327607,-0.5492080125291062,-0.2562921291206727
36,-0.5784495343141292,,-0.1340433921276342,5.176910103273443,2.922640296983571
37,-0.5784495343141292,,-0.1340433921276342,5.176910103273443,2.922640296983571
38,0.434650886012968,0.0732361113763912,-0.104780948527392,-0.1019526035385309,-0.1194119973174656
39,-0.5784495343141292,,0.2755093973479544,-0.3785515839077041,-0.3257723753889553
40,-0.5784495343141292,,-0.3960090438600926,-0.3936052799247935,-0.3094418152196561
41,-0.30346513451106,-1.2450138933986483,-0.1928718316476231,-0.0832193926907581,
42,-0.5784495343141292,,-0.2103564452510873,-0.3236289319038423,-0.1587921939671978
43,6.942615014685607,,-0.2352477354504634,1.4497816950186484,6.247143656910272
44,0.6662166963734474,0.2880620380804718,-0.2411366504488524,-0.3400204913956435,-0.3277196582163938
45,1.6214256641104243,2.944091677330922,-0.2508503246729992,-0.2346461803769215,-0.3062642407313674
46,-0.1201422013090138,-0.3759453717321407,0.451994715907921,-0.210449116365215,-0.243799101217999
47,-0.5784495343141292,,-0.6599781409012813,-0.6100909477843679,-0.2147392319661277
48,-0.0960207627297971,-0.5126527796347377,0.0241680767981564,-0.1448828783980102,-0.1946417522966092
49,-0.5784495343141292,,-0.0964636149729663,-0.3611336005715354,-0.3046347153527577
50,-0.139439352172387,-0.6103009281365923,8.495584788604363,-0.2541599416766849,-0.3153081065826507
51,0.2754493913901384,-0.4442990756834392,-0.0539662902423241,-0.2650876480045523,-0.3278119979878484
52,0.4925423386030879,0.1904138895786169,-0.1866186538658286,-0.0816582917867771,-0.2910553371976777
53,-0.5784495343141292,-1.5379583389042129,-0.0137152526760159,-0.150346731561944,-0.1856793627142563
54,-0.5784495343141292,,-0.158388288151902,-0.3508482872656561,-0.2530330783634535
55,-0.28899227136353,-1.5477231537543985,-0.3631646828896963,-0.8247423220817643,-0.0743284618425998
56,-0.5784495343141292,,-0.1589346823270103,0.9830125247283096,-0.1210415226960752
57,0.3381651316961016,-0.6103009281365923,-0.0737579014740232,-0.2931874642762115,-0.2250595593639885
58,-0.3903023133962397,-1.5379583389042129,-0.0901497267272709,-0.3979498237405728,-0.3291699358033564
59,-0.5784495343141292,,-0.0826823396674581,-0.4046875352421551,-0.2619954679458063
60,-0.5784495343141292,,,-0.2900652624682494,-0.3325359920604376
61,-0.5784495343141292,,-0.0095262306668526,-0.2369878317328931,-0.2291333728105125
62,0.7482295875427838,0.7860675954399315,0.0005517063406996,-0.2931874642762115,-0.2888826366928648
63,-0.0429535978555206,-0.3759453717321407,-0.1154659901739534,-0.4297994043835945,-0.1327197879094441
64,-0.5784495343141292,,-0.0758220572466544,3.79689690415418,4.54048741037981
65,0.8061210401329036,0.8153620399904877,-0.0212433501997297,0.0666462940914241,-0.0555889199885893
66,-0.5784495343141292,,-0.1735659041271313,-0.0746333377188623,-0.0210972994746859
67,0.5793795174882675,0.600536113286407,-0.0627693075079572,0.3421806036440822,-0.0273438134260227
68,-0.5784495343141292,,-0.1832795783512781,-0.1487856306579629,-0.0656376598233485
69,-0.0911964750139538,-0.9423046330428988,-0.0497165577692599,-0.3002124183441263,-0.2125665314613149
70,-0.5784495343141292,,-0.45738732286392,-0.4459482126848267,-0.3011040770324369
71,0.420178022865438,-0.7079490766384472,,-0.3423621427516151,-0.333341520772597
72,-0.5784495343141292,,-0.7762386792715381,-0.3376788400396718,-0.273130558032972
73,-0.3710051625328665,,-0.2177631218469992,0.2430506962412845,-0.19817239061693
74,-0.5784495343141292,,-0.2422294387990689,-0.3813264407645305,-0.2934996252655921
75,0.9894439733349498,0.6786546320878909,-0.0109225713365737,-0.435121197365266,-0.0917100658811023
76,-0.3131137099427465,,0.1176014807416682,-0.3916140957217657,-0.3234258588437575
77,-0.5784495343141292,,-0.1452141174854029,-0.1183441630303321,-0.0107769720768251
78,-0.5784495343141292,,-0.3479870669144669,1.2538635315690243,-0.26769880677094
79,-0.5784495343141292,,-0.281084135695656,-0.2916263633722304,-0.1479286914431337
80,1.0473354259250698,0.8055972251403025,-0.2251090879790102,-0.5047166367656459,-0.3175351246000838
81,-0.5784495343141292,,-0.2662100720399312,-0.2978707669881547,-0.1585206064040962
82,-0.5784495343141292,,-0.4521662229684411,-0.3791830492233645,-0.271772620217464
